"CD_GEOCMU";"OBJECTID";"NM_MUNICIP";"Municipio";"Area_km2";"Estado";"Area";"reg_saude"
"4200051";1;"ABDON BATISTA";"Abdon Batista";"237.28";"SC";237283268599;"Meio Oeste"
"4200101";2;"ABELARDO LUZ";"Abelardo Luz";"955.55";"SC";955552295764;"Xanxerê"
"4200200";3;"AGROLÂNDIA";"Agrolândia";"207.13";"SC";207129942187;"Alto Vale do Itajaí"
"4200309";4;"AGRONÔMICA";"Agronômica";"129.55";"SC";129547291297;"Alto Vale do Itajaí"
"4200408";5;"ÁGUA DOCE";"Água Doce";"1309.36";"SC";"1309358477.84";"Meio Oeste"
"4200507";6;"ÁGUAS DE CHAPECÓ";"Águas de Chapecó";"138.89";"SC";138892295065;"Oeste"
"4200556";7;"ÁGUAS FRIAS";"Águas Frias";"75.86";"SC";75860654736;"Oeste"
"4200606";8;"ÁGUAS MORNAS";"Águas Mornas";"325.73";"SC";325731659116;"Grande Florianópolis"
"4200705";9;"ALFREDO WAGNER";"Alfredo Wagner";"731.06";"SC";731064649543;"Grande Florianópolis"
"4200754";10;"ALTO BELA VISTA";"Alto Bela Vista";"102.73";"SC";102727062377;"Alto Uruguai Catarinense"
"4200804";11;"ANCHIETA";"Anchieta";"232.38";"SC";232384684144;"Extremo Oeste"
"4200903";12;"ANGELINA";"Angelina";"501.76";"SC";501757857761;"Grande Florianópolis"
"4201000";13;"ANITA GARIBALDI";"Anita Garibaldi";"587.34";"SC";587336000652;"Serra Catarinense"
"4201109";14;"ANITÁPOLIS";"Anitápolis";"544.25";"SC";544251256949;"Grande Florianópolis"
"4201208";15;"ANTÔNIO CARLOS";"Antônio Carlos";"233.17";"SC";233171922741;"Grande Florianópolis"
"4201257";16;"APIÚNA";"Apiúna";"493.37";"SC";493366337169;"Médio Vale do Itajaí"
"4201273";17;"ARABUTÃ";"Arabutã";"132.6";"SC";132595269222;"Alto Uruguai Catarinense"
"4201307";18;"ARAQUARI";"Araquari";"373.52";"SC";373517565808;"Nordeste"
"4201406";19;"ARARANGUÁ";"Araranguá";"304.95";"SC";304948645066;"Extremo Sul Catarinense"
"4201505";20;"ARMAZÉM";"Armazém";"173.3";"SC";173299063771;"Laguna"
"4201604";21;"ARROIO TRINTA";"Arroio Trinta";"94.18";"SC";94180981225;"Alto Vale do Rio do Peixe"
"4201653";22;"ARVOREDO";"Arvoredo";"89.8";"SC";89800560122;"Oeste"
"4201703";23;"ASCURRA";"Ascurra";"111.13";"SC";111127640643;"Médio Vale do Itajaí"
"4201802";24;"ATALANTA";"Atalanta";"94.15";"SC";94150984451;"Alto Vale do Itajaí"
"4201901";25;"AURORA";"Aurora";"206.52";"SC";206523849272;"Alto Vale do Itajaí"
"4201950";26;"BALNEÁRIO ARROIO DO SILVA";"Balneário Arroio do Silva";"94.2";"SC";94195044081;"Extremo Sul Catarinense"
"4202008";27;"BALNEÁRIO CAMBORIÚ";"Balneário Cambouriú";"46.9";"SC";46902206574;"Foz do Rio Itajaí"
"4202057";28;"BALNEÁRIO BARRA DO SUL";"Balneário Barra do Sul";"103.26";"SC";103256856108;"Nordeste"
"4202073";29;"BALNEÁRIO GAIVOTA";"Balneário Gaivota";"147.97";"SC";147967174834;"Extremo Sul Catarinense"
"4202081";30;"BANDEIRANTE";"Bandeirante";"146.01";"SC";146006135558;"Extremo Oeste"
"4202099";31;"BARRA BONITA";"Barra Bonita";"93.46";"SC";93464631678;"Extremo Oeste"
"4202107";32;"BARRA VELHA";"Barra Velha";"139.95";"SC";139949244357;"Vale do Itapocu"
"4202131";33;"BELA VISTA DO TOLDO";"Bela Vista do Toldo";"538.54";"SC";538536375024;"Planalto Norte"
"4202156";34;"BELMONTE";"Belmonte";"93.65";"SC";93645021966;"Extremo Oeste"
"4202206";35;"BENEDITO NOVO";"Benedito Novo";"388.52";"SC";"388517347.02";"Médio Vale do Itajaí"
"4202305";36;"BIGUAÇU";"Biguaçu";318;"SC";318001660737;"Grande Florianópolis"
"4202404";37;"BLUMENAU";"Blumenau";"519.9";"SC";519903307432;"Médio Vale do Itajaí"
"4202438";38;"BOCAINA DO SUL";"Bocaina do Sul";"511.51";"SC";511511867194;"Serra Catarinense"
"4202453";39;"BOMBINHAS";"Bombinhas";"35.19";"SC";"35190419.74";"Foz do Rio Itajaí"
"4202503";40;"BOM JARDIM DA SERRA";"Bom Jardim da Serra";"937.8";"SC";937797055428;"Serra Catarinense"
"4202537";41;"BOM JESUS";"Bom Jesus";"63.46";"SC";63455638617;"Xanxerê"
"4202578";42;"BOM JESUS DO OESTE";"Bom Jesus do Oeste";"67.7";"SC";67700209098;"Extremo Oeste"
"4202602";43;"BOM RETIRO";"Bom Retiro";"1055.56";"SC";"1055563085.42";"Serra Catarinense"
"4202701";44;"BOTUVERÁ";"Botuverá";"295.68";"SC";295678421607;"Médio Vale do Itajaí"
"4202800";45;"BRAÇO DO NORTE";"Braço do Norte";"211.5";"SC";211504985768;"Laguna"
"4202859";46;"BRAÇO DO TROMBUDO";"Braço do Trombudo";"89.55";"SC";89554243481;"Alto Vale do Itajaí"
"4202875";47;"BRUNÓPOLIS";"Brunópolis";"336.13";"SC";336131165571;"Meio Oeste"
"4202909";48;"BRUSQUE";"Brusque";"282.96";"SC";"282963211.72";"Médio Vale do Itajaí"
"4203006";49;"CAÇADOR";"Caçador";"985.13";"SC";985129396516;"Alto Vale do Rio do Peixe"
"4203105";50;"CAIBI";"Caibi";"172.08";"SC";172083522802;"Oeste"
"4203154";51;"CALMON";"Calmon";"636.87";"SC";"636866995.96";"Alto Vale do Rio do Peixe"
"4203204";52;"CAMBORIÚ";"Camboriú";"212.79";"SC";212788683846;"Foz do Rio Itajaí"
"4203253";53;"CAPÃO ALTO";"Capão Alto";"1333.56";"SC";"1333563499.73";"Serra Catarinense"
"4203303";54;"CAMPO ALEGRE";"Campo Alegre";"498.76";"SC";498759841138;"Planalto Norte"
"4203402";55;"CAMPO BELO DO SUL";"Campo Belo do Sul";"1023.93";"SC";"1023932431.43";"Serra Catarinense"
"4203501";56;"CAMPO ERÊ";"Campo Erê";"480.22";"SC";480223142022;"Xanxerê"
"4203600";57;"CAMPOS NOVOS";"Campos Novos";"1714.93";"SC";"1714934891.94";"Meio Oeste"
"4203709";58;"CANELINHA";"Canelinha";"152.75";"SC";152754320085;"Grande Florianópolis"
"4203808";59;"CANOINHAS";"Canoinhas";"1143.07";"SC";"1143068967.59";"Planalto Norte"
"4203907";60;"CAPINZAL";"Capinzal";"244.24";"SC";244240133052;"Meio Oeste"
"4203956";61;"CAPIVARI DE BAIXO";"Capivari de Baixo";"52.99";"SC";52989095174;"Laguna"
"4204004";62;"CATANDUVAS";"Catanduvas";"198.03";"SC";198030431913;"Meio Oeste"
"4204103";63;"CAXAMBU DO SUL";"Caxambu do Sul";"141.64";"SC";141635316158;"Oeste"
"4204152";64;"CELSO RAMOS";"Celso Ramos";"207.88";"SC";207881617784;"Meio Oeste"
"4204178";65;"CERRO NEGRO";"Cerro Negro";"416.26";"SC";416259705439;"Serra Catarinense"
"4204194";66;"CHAPADÃO DO LAGEADO";"Chapadão do Lageado";"125.33";"SC";125330977127;"Alto Vale do Itajaí"
"4204202";67;"CHAPECÓ";"Chapecó";"623.83";"SC";623830142643;"Oeste"
"4204251";68;"COCAL DO SUL";"Cocal do Sul";"71.05";"SC";"71049142.92";"Carbonífera"
"4204301";69;"CONCÓRDIA";"Concórdia";"795.99";"SC";795991316377;"Alto Uruguai Catarinense"
"4204350";70;"CORDILHEIRA ALTA";"Cordilheira Alta";84;"SC";84002985519;"Oeste"
"4204400";71;"CORONEL FREITAS";"Coronel Freitas";"233.92";"SC";233920259939;"Oeste"
"4204459";72;"CORONEL MARTINS";"Coronel Martins";"107.27";"SC";107265723805;"Xanxerê"
"4204509";73;"CORUPÁ";"Corupá ";"406.7";"SC";406696007301;"Vale do Itapocu"
"4204558";74;"CORREIA PINTO";"Correia Pinto";"649.04";"SC";649040624528;"Serra Catarinense"
"4204608";75;"CRICIÚMA";"Criciúma";"236.12";"SC";236122324393;"Carbonífera"
"4204707";76;"CUNHA PORÃ";"Cunha Porã";"219.51";"SC";219508444643;"Oeste"
"4204756";77;"CUNHATAÍ";"Cunhataí";"54.84";"SC";54842963674;"Oeste"
"4204806";78;"CURITIBANOS";"Curitibanos";"952.11";"SC";952105027031;"Alto Vale do Rio do Peixe"
"4204905";79;"DESCANSO";"Descanso";"287.11";"SC";287107718325;"Extremo Oeste"
"4205001";80;"DIONÍSIO CERQUEIRA";"Dionísio Cerqueira";"378.61";"SC";378607803856;"Extremo Oeste"
"4205100";81;"DONA EMMA";"Dona Emma";"180.9";"SC";180900326336;"Alto Vale do Itajaí"
"4205159";82;"DOUTOR PEDRINHO";"Doutor Pedrinho";"375.84";"SC";375844657765;"Médio Vale do Itajaí"
"4205175";83;"ENTRE RIOS";"Entre Rios";"105.34";"SC";105335567828;"Xanxerê"
"4205191";84;"ERMO";"Ermo";"63.62";"SC";63622035782;"Extremo Sul Catarinense"
"4205209";85;"ERVAL VELHO";"Erval Velho";"208.21";"SC";208214110995;"Meio Oeste"
"4205308";86;"FAXINAL DOS GUEDES";"Faxinal dos Guedes";"339.65";"SC";339652111034;"Xanxerê"
"4205357";87;"FLOR DO SERTÃO";"Flor do Sertão";"58.42";"SC";58418248159;"Extremo Oeste"
"4205407";88;"FLORIANÓPOLIS";"Florianópolis";"434.34";"SC";434338223559;"Grande Florianópolis"
"4205431";89;"FORMOSA DO SUL";"Formosa do Sul";"99.66";"SC";99660411374;"Oeste"
"4205456";90;"FORQUILHINHA";"Forquilhinha";"182.37";"SC";182370369713;"Carbonífera"
"4205506";91;"FRAIBURGO";"Fraiburgo";"546.58";"SC";546578881028;"Alto Vale do Rio do Peixe"
"4205555";92;"FREI ROGÉRIO";"Frei Rogério";"158.16";"SC";158155523236;"Alto Vale do Rio do Peixe"
"4205605";93;"GALVÃO";"Galvão";"139.29";"SC";139290103188;"Xanxerê"
"4205704";94;"GAROPABA";"Garopaba";"114.67";"SC";114670599652;"Grande Florianópolis"
"4205803";95;"GARUVA";"Garuva";"497.87";"SC";497867907807;"Nordeste"
"4205902";96;"GASPAR";"Gaspar";"386.63";"SC";386627132555;"Médio Vale do Itajaí"
"4206009";97;"GOVERNADOR CELSO RAMOS";"Governador Celso Ramos";"97.53";"SC";97533736547;"Grande Florianópolis"
"4206108";98;"GRÃO PARÁ";"Grão Pará ";"337.15";"SC";337145612761;"Laguna"
"4206207";99;"GRAVATAL";"Gravatal";"165.26";"SC";165257277879;"Laguna"
"4206306";100;"GUABIRUBA";"Guabiruba";"173.68";"SC";173684303011;"Médio Vale do Itajaí"
"4206405";101;"GUARACIABA";"Guaraciaba";"330.82";"SC";330819108928;"Extremo Oeste"
"4206504";102;"GUARAMIRIM";"Guaramirim";"269.35";"SC";269354642405;"Vale do Itapocu"
"4206603";103;"GUARUJÁ DO SUL";"Guarujá do Sul";"100.67";"SC";100668135625;"Extremo Oeste"
"4206652";104;"GUATAMBÚ";"Guatambu";"205.28";"SC";"205276751.51";"Oeste"
"4206702";105;"HERVAL d'OESTE";"Herval d'Oeste";"215.34";"SC";215342019265;"Meio Oeste"
"4206751";106;"IBIAM";"Ibiam";"146.77";"SC";146772494656;"Alto Vale do Rio do Peixe"
"4206801";107;"IBICARÉ";"Ibicaré";"155.6";"SC";155600540498;"Meio Oeste"
"4206900";108;"IBIRAMA";"Ibirama";"246.21";"SC";246209508103;"Alto Vale do Itajaí"
"4207007";109;"IÇARA";"Içara";"228.93";"SC";228932022365;"Carbonífera"
"4207106";110;"ILHOTA";"Ilhota";"253.44";"SC";253442673208;"Foz do Rio Itajaí"
"4207205";111;"IMARUÍ";"Imaruí";"542.71";"SC";542712126229;"Laguna"
"4207304";112;"IMBITUBA";"Imbituba";"181.44";"SC";181443214183;"Laguna"
"4207403";113;"IMBUIA";"Imbuia";"122.67";"SC";122669397672;"Alto Vale do Itajaí"
"4207502";114;"INDAIAL";"Indaial";"432.46";"SC";"432459029.05";"Médio Vale do Itajaí"
"4207577";115;"IOMERÊ";"Iomerê";"115.23";"SC";"115226328.71";"Alto Vale do Rio do Peixe"
"4207601";116;"IPIRA";"Ipira";"155.12";"SC";155116995277;"Alto Uruguai Catarinense"
"4207650";117;"IPORÃ DO OESTE";"Iporã do Oeste";"201.8";"SC";201801278331;"Extremo Oeste"
"4207684";118;"IPUAÇU";"Ipuaçu";"261.66";"SC";261656345604;"Xanxerê"
"4207700";119;"IPUMIRIM";"Ipumirim";"246.99";"SC";246990253066;"Alto Uruguai Catarinense"
"4207759";120;"IRACEMINHA";"Iraceminha";"165.09";"SC";165092501289;"Extremo Oeste"
"4207809";121;"IRANI";"Irani";"329.31";"SC";329311674053;"Alto Uruguai Catarinense"
"4207858";122;"IRATI";"Irati";"77.5";"SC";77498400058;"Oeste"
"4207908";123;"IRINEÓPOLIS";"Irineópolis";"589.45";"SC";589452986849;"Planalto Norte"
"4208005";124;"ITÁ";"Itá ";"165.86";"SC";165856001945;"Alto Uruguai Catarinense"
"4208104";125;"ITAIÓPOLIS";"Itaiópolis";"1293.31";"SC";"1293307074.11";"Planalto Norte"
"4208203";126;"ITAJAÍ";"Itajaí";"288.64";"SC";288644592206;"Foz do Rio Itajaí"
"4208302";127;"ITAPEMA";"Itapema";"58.87";"SC";58868386567;"Foz do Rio Itajaí"
"4208401";128;"ITAPIRANGA";"Itapiranga";"279.95";"SC";"279945169.44";"Extremo Oeste"
"4208450";129;"ITAPOÁ";"Itapoá ";"239.7";"SC";239695577833;"Nordeste"
"4208500";130;"ITUPORANGA";"Ituporanga";"336.89";"SC";336886786804;"Alto Vale do Itajaí"
"4208609";131;"JABORÁ";"Jaborá ";"180.8";"SC";180796088346;"Meio Oeste"
"4208708";132;"JACINTO MACHADO";"Jacinto Machado";"438.28";"SC";438277479693;"Extremo Sul Catarinense"
"4208807";133;"JAGUARUNA";"Jaguaruna";"327.05";"SC";327048632453;"Laguna"
"4208906";134;"JARAGUÁ DO SUL";"Jaraguá do Sul";"530.04";"SC";530035260758;"Vale do Itapocu"
"4208955";135;"JARDINÓPOLIS";"Jardinópolis";"68.26";"SC";68256790061;"Oeste"
"4209003";136;"JOAÇABA";"Joaçaba";"242.75";"SC";242752036585;"Meio Oeste"
"4209102";137;"JOINVILLE";"Joinville";"1099.87";"SC";"1099874890.03";"Nordeste"
"4209151";138;"JOSÉ BOITEUX";"José Boiteux";"405.25";"SC";405246728053;"Alto Vale do Itajaí"
"4209177";139;"JUPIÁ";"Jupiá ";"92.6";"SC";92600983943;"Xanxerê"
"4209201";140;"LACERDÓPOLIS";"Lacerdópolis";"68.7";"SC";68704391471;"Meio Oeste"
"4209300";141;"LAGES";"Lages";"2630.58";"SC";"2630581727.47";"Serra Catarinense"
"4209409";142;"LAGUNA";"Laguna";"330.55";"SC";330548132238;"Laguna"
"4209458";143;"LAJEADO GRANDE";"Lageado Grande";"65.59";"SC";65588754694;"Xanxerê"
"4209508";144;"LAURENTINO";"Laurentino";"79.55";"SC";79549065081;"Alto Vale do Itajaí"
"4209607";145;"LAURO MULLER";"Lauro Müller";"269.86";"SC";269862153058;"Carbonífera"
"4209706";146;"LEBON RÉGIS";"Lebon Régis";"935.42";"SC";935418131639;"Alto Vale do Rio do Peixe"
"4209805";147;"LEOBERTO LEAL";"Leoberto Leal";"292.26";"SC";292259272777;"Grande Florianópolis"
"4209854";148;"LINDÓIA DO SUL";"Lindóia do Sul";"188.81";"SC";188809303754;"Alto Uruguai Catarinense"
"4209904";149;"LONTRAS";"Lontras";"197.55";"SC";197549703116;"Alto Vale do Itajaí"
"4210001";150;"LUIZ ALVES";"Luiz Alves";"260.84";"SC";260843781578;"Foz do Rio Itajaí"
"4210035";151;"LUZERNA";"Luzerna";"116.47";"SC";116466794118;"Meio Oeste"
"4210050";152;"MACIEIRA";"Macieira";"258.96";"SC";258957051185;"Alto Vale do Rio do Peixe"
"4210100";153;"MAFRA";"Mafra";"1403.86";"SC";"1403863795.58";"Planalto Norte"
"4210209";154;"MAJOR GERCINO";"Major Gercino";"304.39";"SC";304392611997;"Grande Florianópolis"
"4210308";155;"MAJOR VIEIRA";"Major Vieira";"523.85";"SC";523847514766;"Planalto Norte"
"4210407";156;"MARACAJÁ";"Maracajá ";"62.77";"SC";62774745377;"Extremo Sul Catarinense"
"4210506";157;"MARAVILHA";"Maravilha";"169.76";"SC";"169764264.8";"Extremo Oeste"
"4210555";158;"MAREMA";"Marema";"103.11";"SC";103111118494;"Xanxerê"
"4210605";159;"MASSARANDUBA";"Massaranduba";"374.21";"SC";374213411711;"Vale do Itapocu"
"4210704";160;"MATOS COSTA";"Matos Costa";"434.36";"SC";"434362282.52";"Alto Vale do Rio do Peixe"
"4210803";161;"MELEIRO";"Meleiro";"186.04";"SC";186039008502;"Extremo Sul Catarinense"
"4210852";162;"MIRIM DOCE";"Mirim Doce";"339.03";"SC";339030231531;"Alto Vale do Itajaí"
"4210902";163;"MODELO";"Modelo";"92.65";"SC";92646833956;"Extremo Oeste"
"4211009";164;"MONDAÍ";"Mondaí";"201.36";"SC";201361700994;"Extremo Oeste"
"4211058";165;"MONTE CARLO";"Monte Carlo";192;"SC";191999525894;"Meio Oeste"
"4211108";166;"MONTE CASTELO";"Monte Castelo";"556.91";"SC";556913551158;"Planalto Norte"
"4211207";167;"MORRO DA FUMAÇA";"Morro da Fumaça";"82.97";"SC";82974283677;"Carbonífera"
"4211256";168;"MORRO GRANDE";"Morro Grande";"259.67";"SC";259665925195;"Extremo Sul Catarinense"
"4211306";169;"NAVEGANTES";"Navegantes";"111.59";"SC";111591798765;"Foz do Rio Itajaí"
"4211405";170;"NOVA ERECHIM";"Nova Erechim";"64.72";"SC";64720664021;"Oeste"
"4211454";171;"NOVA ITABERABA";"Nova Itaberaba";"136.76";"SC";136755709691;"Oeste"
"4211504";172;"NOVA TRENTO";"Nova Trento";"402.72";"SC";402717090491;"Grande Florianópolis"
"4211603";173;"NOVA VENEZA";"Nova Veneza";"293.94";"SC";293937491423;"Carbonífera"
"4211652";174;"NOVO HORIZONTE";"Novo Horizonte";"151.45";"SC";151449098287;"Xanxerê"
"4216909";175;"SÃO LOURENÇO DO OESTE";"São Lourenço do Oeste";"356.55";"SC";356552168352;"Xanxerê"
"4211702";176;"ORLEANS";"Orleans";"549.31";"SC";549307281305;"Carbonífera"
"4211751";177;"OTACÍLIO COSTA";"Otacílio Costa";"844.63";"SC";844634490677;"Serra Catarinense"
"4211801";178;"OURO";"Ouro";"213.31";"SC";213306314087;"Meio Oeste"
"4211850";179;"OURO VERDE";"Ouro Verde";"188.95";"SC";188949824928;"Xanxerê"
"4211876";180;"PAIAL";"Paial";"85.31";"SC";"85311708.72";"Oeste"
"4211892";181;"PAINEL";"Painel";"741.27";"SC";741270730575;"Serra Catarinense"
"4211900";182;"PALHOÇA";"Palhoça";"326.25";"SC";326251844309;"Grande Florianópolis"
"4212007";183;"PALMA SOLA";"Palma Sola";"330.91";"SC";330913418607;"Extremo Oeste"
"4212056";184;"PALMEIRA";"Palmeira";"290.29";"SC";290293706408;"Serra Catarinense"
"4212106";185;"PALMITOS";"Palmitos";"352.59";"SC";352586008592;"Oeste"
"4212205";186;"PAPANDUVA";"Papanduva";"763.32";"SC";763321099002;"Planalto Norte"
"4212239";187;"PARAÍSO";"Paraíso";"179.19";"SC";179186374508;"Extremo Oeste"
"4212254";188;"PASSO DE TORRES";"Passo de Torres";"96.33";"SC";96333031037;"Extremo Sul Catarinense"
"4212270";189;"PASSOS MAIA";"Passos Maia";"612.63";"SC";612625973691;"Xanxerê"
"4212304";190;"PAULO LOPES";"Paulo Lopes";"449.6";"SC";449599181155;"Grande Florianópolis"
"4212403";191;"PEDRAS GRANDES";"Pedras Grandes";"159.09";"SC";159093111818;"Laguna"
"4212502";192;"PENHA";"Penha";"58.63";"SC";58629144458;"Foz do Rio Itajaí"
"4212601";193;"PERITIBA";"Peritiba";"96.38";"SC";96375867856;"Alto Uruguai Catarinense"
"4212650";194;"PESCARIA BRAVA";"Pescaria Brava";"111.41";"SC";111411763663;"Laguna"
"4212700";195;"PETROLÂNDIA";"Petrolândia";"305.85";"SC";305848108581;"Alto Vale do Itajaí"
"4212809";196;"BALNEÁRIO PIÇARRAS";"Balneário Piçaras";"99.16";"SC";99164818428;"Foz do Rio Itajaí"
"4212908";197;"PINHALZINHO";"Pinhalzinho";"128.43";"SC";128426133251;"Oeste"
"4213005";198;"PINHEIRO PRETO";"Pinheiro Preto";"61.95";"SC";61948045471;"Alto Vale do Rio do Peixe"
"4213104";199;"PIRATUBA";"Piratuba";"144.86";"SC";144861009811;"Alto Uruguai Catarinense"
"4213153";200;"PLANALTO ALEGRE";"Planalto Alegre";"62.71";"SC";62714518413;"Oeste"
"4213203";201;"POMERODE";"Pomerode";"215.2";"SC";215198585473;"Médio Vale do Itajaí"
"4213302";202;"PONTE ALTA";"Ponte Alta";"572.08";"SC";572075892141;"Serra Catarinense"
"4213351";203;"PONTE ALTA DO NORTE";"Ponte Alta do Norte";"399.74";"SC";399739144792;"Alto Vale do Rio do Peixe"
"4213401";204;"PONTE SERRADA";"Ponte Serrada";"563.07";"SC";563065045589;"Xanxerê"
"4213500";205;"PORTO BELO";"Porto Belo";"94.13";"SC";94125315278;"Foz do Rio Itajaí"
"4213609";206;"PORTO UNIÃO";"Porto União";"848.65";"SC";"848650421.91";"Planalto Norte"
"4213708";207;"POUSO REDONDO";"Pouso Redondo";"361.8";"SC";361797442993;"Alto Vale do Itajaí"
"4213807";208;"PRAIA GRANDE";"Praia Grande";"286.6";"SC";286599506936;"Extremo Sul Catarinense"
"4214003";209;"PRESIDENTE GETÚLIO";"Presidente Getúlio";"294.99";"SC";294988709812;"Alto Vale do Itajaí"
"4214102";210;"PRESIDENTE NEREU";"Presidente Nereu";"224.59";"SC";224587658953;"Alto Vale do Itajaí"
"4214151";211;"PRINCESA";"Princesa";"85.52";"SC";85516848584;"Extremo Oeste"
"4214201";212;"QUILOMBO";"Quilombo";"279.85";"SC";279846323555;"Oeste"
"4214300";213;"RANCHO QUEIMADO";"Rancho Queimado";"288.28";"SC";288282468363;"Grande Florianópolis"
"4214409";214;"RIO DAS ANTAS";"Rio das Antas";"318.37";"SC";318367545109;"Alto Vale do Rio do Peixe"
"4214508";215;"RIO DO CAMPO";"Rio do Campo";"502.78";"SC";502782927472;"Alto Vale do Itajaí"
"4214607";216;"RIO DO OESTE";"Rio do Oeste";"246.2";"SC";246198345229;"Alto Vale do Itajaí"
"4214706";217;"RIO DOS CEDROS";"Rio dos Cedros";"554.4";"SC";554401588608;"Médio Vale do Itajaí"
"4214805";218;"RIO DO SUL";"Rio do Sul";"260.8";"SC";260801062318;"Alto Vale do Itajaí"
"4214904";219;"RIO FORTUNA";"Rio Fortuna";"301.74";"SC";"301736031.93";"Laguna"
"4215000";220;"RIO NEGRINHO";"Rio Negrinho";"907.17";"SC";907169047457;"Planalto Norte"
"4215059";221;"RIO RUFINO";"Rio Rufino";"282.37";"SC";282374245954;"Serra Catarinense"
"4215075";222;"RIQUEZA";"Riqueza";"190.21";"SC";190213117597;"Oeste"
"4215109";223;"RODEIO";"Rodeio";"127.99";"SC";127994001213;"Médio Vale do Itajaí"
"4215208";224;"ROMELÂNDIA";"Romelândia";"221.67";"SC";221674084056;"Extremo Oeste"
"4215307";225;"SALETE";"Salete";"180.39";"SC";180390801121;"Alto Vale do Itajaí"
"4215356";226;"SALTINHO";"Saltinho";"156.41";"SC";156414362376;"Extremo Oeste"
"4215406";227;"SALTO VELOSO";"Salto Veloso";"105.58";"SC";105579848405;"Alto Vale do Rio do Peixe"
"4215455";228;"SANGÃO";"Sangão";"82.69";"SC";82690829353;"Laguna"
"4215505";229;"SANTA CECÍLIA";"Santa Cecília";"1150.31";"SC";"1150309990.36";"Alto Vale do Rio do Peixe"
"4215554";230;"SANTA HELENA";"Santa Helena";"80.96";"SC";80962117597;"Extremo Oeste"
"4215604";231;"SANTA ROSA DE LIMA";"Santa Rosa de Lima";"202.58";"SC";202575536127;"Laguna"
"4215653";232;"SANTA ROSA DO SUL";"Santa Rosa do Sul";"151.55";"SC";151547979809;"Extremo Sul Catarinense"
"4215679";233;"SANTA TEREZINHA";"Santa Terezinha";"718.26";"SC";718255789392;"Alto Vale do Itajaí"
"4215687";234;"SANTA TEREZINHA DO PROGRESSO";"Santa Terezinha do Progr*";"119.05";"SC";119045176378;"Extremo Oeste"
"4215695";235;"SANTIAGO DO SUL";"Santiago do Sul";"72.96";"SC";72961983582;"Oeste"
"4215703";236;"SANTO AMARO DA IMPERATRIZ";"Santo Amaro da Imperatriz";"345.22";"SC";345218456039;"Grande Florianópolis"
"4215752";237;"SÃO BERNARDINO";"São Bernardino";"149.24";"SC";"149237630.61";"Xanxerê"
"4215802";238;"SÃO BENTO DO SUL";"São Bento do Sul";"495.65";"SC";495652916837;"Planalto Norte"
"4215901";239;"SÃO BONIFÁCIO";"São Bonifácio";"460.9";"SC";460900697159;"Grande Florianópolis"
"4216008";240;"SÃO CARLOS";"São Carlos";"158.21";"SC";158207032235;"Oeste"
"4216057";241;"SÃO CRISTOVÃO DO SUL";"São Cristóvão do Sul";"343.72";"SC";343722052984;"Alto Vale do Rio do Peixe"
"4216107";242;"SÃO DOMINGOS";"São Domingos";"367.87";"SC";367867094706;"Xanxerê"
"4216206";243;"SÃO FRANCISCO DO SUL";"São Francisco do Sul";"380.6";"SC";380600253576;"Nordeste"
"4216255";244;"SÃO JOÃO DO OESTE";"São João do Oeste";"163.56";"SC";163562863619;"Extremo Oeste"
"4216305";245;"SÃO JOÃO BATISTA";"São João Batista";"199.53";"SC";199531070902;"Grande Florianópolis"
"4216354";246;"SÃO JOÃO DO ITAPERIÚ";"São João do Itaperiú";"151.76";"SC";151761406001;"Vale do Itapocu"
"4216404";247;"SÃO JOÃO DO SUL";"São João do Sul";"180.41";"SC";180408576918;"Extremo Sul Catarinense"
"4216503";248;"SÃO JOAQUIM";"São Joaquim";"1882.17";"SC";"1882172596.61";"Serra Catarinense"
"4216602";249;"SÃO JOSÉ";"São José";"113.42";"SC";113417255566;"Grande Florianópolis"
"4216701";250;"SÃO JOSÉ DO CEDRO";"São José do Cedro";"280.75";"SC";280750024861;"Extremo Oeste"
"4216800";251;"SÃO JOSÉ DO CERRITO";"São José do Cerrito";"945.92";"SC";945920682773;"Serra Catarinense"
"4217006";252;"SÃO LUDGERO";"São Ludgero";"107.55";"SC";107551545158;"Laguna"
"4217105";253;"SÃO MARTINHO";"São Martinho";"224.45";"SC";224447346293;"Laguna"
"4217154";254;"SÃO MIGUEL DA BOA VISTA";"São Miguel da Boa Vista";"71.56";"SC";71564874239;"Extremo Oeste"
"4217204";255;"SÃO MIGUEL d'OESTE";"São Miguel do Oeste";"233.63";"SC";233629445713;"Extremo Oeste"
"4217253";256;"SÃO PEDRO DE ALCÂNTARA";"São Pedro de Alcântara";"139.77";"SC";139766674308;"Grande Florianópolis"
"4217303";257;"SAUDADES";"Saudades";"205.46";"SC";205459054655;"Extremo Oeste"
"4217402";258;"SCHROEDER";"Schroeder";"164.12";"SC";164118119256;"Vale do Itapocu"
"4217501";259;"SEARA";"Seara";"311.53";"SC";311530207646;"Alto Uruguai Catarinense"
"4217550";260;"SERRA ALTA";"Serra Alta";"90.61";"SC";90607579707;"Oeste"
"4217600";261;"SIDERÓPOLIS";"Siderópolis";"261.54";"SC";261535582021;"Carbonífera"
"4217709";262;"SOMBRIO";"Sombrio";"142.48";"SC";142481997814;"Extremo Sul Catarinense"
"4217758";263;"SUL BRASIL";"Sul Brasil";"113.07";"SC";113073918742;"Oeste"
"4217808";264;"TAIÓ";"Taió";"691.94";"SC";691943859185;"Alto Vale do Itajaí"
"4217907";265;"TANGARÁ";"Tangará ";"386.1";"SC";386103085503;"Alto Vale do Rio do Peixe"
"4217956";266;"TIGRINHOS";"Tigrinhos";"57.43";"SC";57428938626;"Extremo Oeste"
"4218004";267;"TIJUCAS";"Tijucas";"279.77";"SC";279770019119;"Grande Florianópolis"
"4218103";268;"TIMBÉ DO SUL";"Timbé do Sul";"326.39";"SC";326392999765;"Extremo Sul Catarinense"
"4218202";269;"TIMBÓ";"Timbó";"127.35";"SC";127351615048;"Médio Vale do Itajaí"
"4218251";270;"TIMBÓ GRANDE";"Timbó Grande";"594.85";"SC";"594849650.54";"Alto Vale do Rio do Peixe"
"4218301";271;"TRÊS BARRAS";"Três Barras";"438.07";"SC";438071254441;"Planalto Norte"
"4218350";272;"TREVISO";"Treviso";"156.37";"SC";156367440381;"Carbonífera"
"4218400";273;"TREZE DE MAIO";"Treze de Maio";"162.06";"SC";162064026808;"Laguna"
"4218509";274;"TREZE TÍLIAS";"Treze Tilhas";"183.86";"SC";183856310536;"Meio Oeste"
"4218608";275;"TROMBUDO CENTRAL";"Trombudo Central";"108.72";"SC";108715657602;"Alto Vale do Itajaí"
"4218707";276;"TUBARÃO";"Tubarão";"300.54";"SC";300538723801;"Laguna"
"4218756";277;"TUNÁPOLIS";"Tunápolis";"132.94";"SC";132943982583;"Extremo Oeste"
"4218806";278;"TURVO";"Turvo";"233.87";"SC";233865165899;"Extremo Sul Catarinense"
"4218855";279;"UNIÃO DO OESTE";"União do Oeste";"93.21";"SC";93213455913;"Oeste"
"4218905";280;"URUBICI";"Urubici";"1015.76";"SC";"1015757705.21";"Serra Catarinense"
"4218954";281;"URUPEMA";"Urupema";"350.93";"SC";350928775127;"Serra Catarinense"
"4219002";282;"URUSSANGA";"Urussanga";"254.1";"SC";254099221953;"Carbonífera"
"4219101";283;"VARGEÃO";"Vargeão";"166.53";"SC";166533933865;"Xanxerê"
"4219150";284;"VARGEM";"Vargem";"350.93";"SC";"350934310.48";"Meio Oeste"
"4219176";285;"VARGEM BONITA";"Vargem Bonita";"298.92";"SC";298922192321;"Meio Oeste"
"4219200";286;"VIDAL RAMOS";"Vidal Ramos";"343.97";"SC";343968135247;"Alto Vale do Itajaí"
"4219309";287;"VIDEIRA";"Videira";"382.92";"SC";382918843159;"Alto Vale do Rio do Peixe"
"4219358";288;"VITOR MEIRELES";"Vitor Meireles";"371.07";"SC";371065741555;"Alto Vale do Itajaí"
"4219408";289;"WITMARSUM";"Witmarsum";"151.25";"SC";151251468395;"Alto Vale do Itajaí"
"4219507";290;"XANXERÊ";"Xanxerê";"377.34";"SC";377339332583;"Xanxerê"
"4219606";291;"XAVANTINA";"Xavantina";"216.6";"SC";216602494921;"Alto Uruguai Catarinense"
"4219705";292;"XAXIM";"Xaxim";294;"SC";293999612886;"Xanxerê"
"4219853";293;"ZORTÉA";"Zortéa";"189.29";"SC";189287822852;"Meio Oeste"
"4220000";294;"BALNEÁRIO RINCÃO";"Balneário Rincão";"63.28";"SC";63277766;"Carbonífera"
"4213906";295;"PRESIDENTE CASTELLO BRANCO";"Presidente Castelo Branco";"65.36";"SC";65363837092;"Alto Uruguai Catarinense"
